,Unnamed: 0,colA,colB,colC,corr_score
72,72,RtpStateBitfield,AVProductsInstalled,Processor,0.16513872560379966
145,145,AVProductStatesIdentifier,Census_OSArchitecture,Census_IsTouchEnabled,0.1673736447990634
112,112,AVProductStatesIdentifier,Processor,Census_IsTouchEnabled,0.16765350335775486
165,165,AVProductsInstalled,Processor,Census_OSArchitecture,0.16768052546004503
157,157,AVProductsInstalled,AVProductsEnabled,Census_OSArchitecture,0.1686703271669345
154,154,AVProductsInstalled,AVProductsEnabled,Processor,0.16907340720165934
101,101,AVProductStatesIdentifier,AVProductsEnabled,Census_OSArchitecture,0.17280870575880852
91,91,AVProductStatesIdentifier,AVProductsInstalled,Census_OSArchitecture,0.17280870575880852
119,119,AVProductStatesIdentifier,IsProtected,Census_OSArchitecture,0.1728087069937433
66,66,RtpStateBitfield,AVProductStatesIdentifier,Census_OSArchitecture,0.17286986612792946
110,110,AVProductStatesIdentifier,Processor,Census_OSArchitecture,0.17297399525350982
170,170,AVProductsInstalled,IsProtected,Census_OSArchitecture,0.17306963382976873
95,95,AVProductStatesIdentifier,AVProductsEnabled,Processor,0.1730886409521111
85,85,AVProductStatesIdentifier,AVProductsInstalled,Processor,0.1730886409521111
105,105,AVProductStatesIdentifier,Processor,IsProtected,0.17308864219661382
60,60,RtpStateBitfield,AVProductStatesIdentifier,Processor,0.1731526047125356
161,161,AVProductsInstalled,Processor,IsProtected,0.17346384942005022
147,147,AVProductStatesIdentifier,Census_OSArchitecture,EngineVersion_factor,0.17654778248583558
13,13,EngineVersion,AVProductStatesIdentifier,Census_OSArchitecture,0.17654778248583558
8,8,EngineVersion,AVProductStatesIdentifier,Processor,0.17683057554530998
114,114,AVProductStatesIdentifier,Processor,EngineVersion_factor,0.17683057554530998
24,24,EngineVersion,AVProductsInstalled,Census_OSArchitecture,0.17755247914191016
184,184,AVProductsInstalled,Census_OSArchitecture,EngineVersion_factor,0.17755247914191016
168,168,AVProductsInstalled,Processor,EngineVersion_factor,0.1779320698843444
19,19,EngineVersion,AVProductsInstalled,Processor,0.1779320698843444
