,colA,colB,colC,corr_score
0,EngineVersion,AppVersion,AVProductStatesIdentifier,0.11986041040629603
1,EngineVersion,RtpStateBitfield,AVProductStatesIdentifier,0.16145304073763966
2,EngineVersion,RtpStateBitfield,AVProductsInstalled,0.16040104193050814
3,EngineVersion,RtpStateBitfield,AVProductsEnabled,0.11115470292258536
4,EngineVersion,RtpStateBitfield,Processor,0.12286947595629273
5,EngineVersion,RtpStateBitfield,Census_OSArchitecture,0.12248788609835469
6,EngineVersion,AVProductStatesIdentifier,AVProductsInstalled,0.1612752713366051
7,EngineVersion,AVProductStatesIdentifier,AVProductsEnabled,0.1612752713366051
8,EngineVersion,AVProductStatesIdentifier,Processor,0.17683057554530998
9,EngineVersion,AVProductStatesIdentifier,IsProtected,0.16127527115462542
10,EngineVersion,AVProductStatesIdentifier,Census_ProcessorCoreCount,0.13457658229111794
11,EngineVersion,AVProductStatesIdentifier,Census_TotalPhysicalRAM,0.13849868095939147
12,EngineVersion,AVProductStatesIdentifier,Census_PowerPlatformRoleName,0.15487646033090574
13,EngineVersion,AVProductStatesIdentifier,Census_OSArchitecture,0.17654778248583558
14,EngineVersion,AVProductStatesIdentifier,Census_OSBranch,0.12783704340811514
15,EngineVersion,AVProductStatesIdentifier,Census_IsTouchEnabled,0.1641490795693973
16,EngineVersion,AVProductStatesIdentifier,Wdft_IsGamer,0.12945793564110453
17,EngineVersion,AVProductStatesIdentifier,EngineVersion_factor,0.1612752713366051
18,EngineVersion,AVProductsInstalled,AVProductsEnabled,0.1626231336646589
19,EngineVersion,AVProductsInstalled,Processor,0.1779320698843444
20,EngineVersion,AVProductsInstalled,IsProtected,0.16162581762961514
21,EngineVersion,AVProductsInstalled,Census_ProcessorCoreCount,0.12416181457570259
22,EngineVersion,AVProductsInstalled,Census_TotalPhysicalRAM,0.12344796976795396
23,EngineVersion,AVProductsInstalled,Census_PowerPlatformRoleName,0.14472522008968117
24,EngineVersion,AVProductsInstalled,Census_OSArchitecture,0.17755247914191016
25,EngineVersion,AVProductsInstalled,Census_OSBranch,0.11646122649562037
26,EngineVersion,AVProductsInstalled,Census_IsTouchEnabled,0.16067228581714704
27,EngineVersion,AVProductsInstalled,Wdft_IsGamer,0.11631718407336145
28,EngineVersion,AVProductsInstalled,EngineVersion_factor,0.16200687947574538
29,EngineVersion,AVProductsEnabled,Processor,0.12711245863367399
30,EngineVersion,AVProductsEnabled,Census_OSArchitecture,0.12674493803346787
31,EngineVersion,Processor,IsProtected,0.11991188016043053
32,EngineVersion,Processor,Census_OSArchitecture,0.11770331395350835
33,EngineVersion,Processor,Census_IsTouchEnabled,0.11189267385264762
34,EngineVersion,Processor,EngineVersion_factor,0.11805160691094217
35,EngineVersion,IsProtected,Census_OSArchitecture,0.11953775037396573
36,EngineVersion,Census_OSArchitecture,Census_IsTouchEnabled,0.11151369477366994
37,EngineVersion,Census_OSArchitecture,EngineVersion_factor,0.1176374862236606
38,AppVersion,RtpStateBitfield,AVProductStatesIdentifier,0.13368765832446902
39,AppVersion,RtpStateBitfield,AVProductsInstalled,0.12545483519046594
40,AppVersion,AVProductStatesIdentifier,AVProductsInstalled,0.13322905109184346
41,AppVersion,AVProductStatesIdentifier,AVProductsEnabled,0.13322905109184346
42,AppVersion,AVProductStatesIdentifier,Processor,0.1475069300266666
43,AppVersion,AVProductStatesIdentifier,IsProtected,0.1332290514122892
44,AppVersion,AVProductStatesIdentifier,Census_ProcessorCoreCount,0.1167854393145628
45,AppVersion,AVProductStatesIdentifier,Census_TotalPhysicalRAM,0.12193556224444906
46,AppVersion,AVProductStatesIdentifier,Census_PowerPlatformRoleName,0.13364332222659805
47,AppVersion,AVProductStatesIdentifier,Census_OSArchitecture,0.14738128634000916
48,AppVersion,AVProductStatesIdentifier,Census_OSBranch,0.11882634488789316
49,AppVersion,AVProductStatesIdentifier,Census_IsTouchEnabled,0.13643108246809063
50,AppVersion,AVProductStatesIdentifier,Wdft_IsGamer,0.11858574663285387
51,AppVersion,AVProductStatesIdentifier,EngineVersion_factor,0.11986041040629603
52,AppVersion,AVProductsInstalled,AVProductsEnabled,0.12509828030929518
53,AppVersion,AVProductsInstalled,Processor,0.13944716187280018
54,AppVersion,AVProductsInstalled,IsProtected,0.125252358426606
55,AppVersion,AVProductsInstalled,Census_PowerPlatformRoleName,0.12174381769865682
56,AppVersion,AVProductsInstalled,Census_OSArchitecture,0.13930704714986208
57,AppVersion,AVProductsInstalled,Census_IsTouchEnabled,0.12701623236567836
58,RtpStateBitfield,AVProductStatesIdentifier,AVProductsInstalled,0.15455169250960743
59,RtpStateBitfield,AVProductStatesIdentifier,AVProductsEnabled,0.15455169250960743
60,RtpStateBitfield,AVProductStatesIdentifier,Processor,0.1731526047125356
61,RtpStateBitfield,AVProductStatesIdentifier,IsProtected,0.15455169358185686
62,RtpStateBitfield,AVProductStatesIdentifier,Census_ProcessorCoreCount,0.12543406071711577
63,RtpStateBitfield,AVProductStatesIdentifier,Census_TotalPhysicalRAM,0.1294182168271878
64,RtpStateBitfield,AVProductStatesIdentifier,Census_PowerPlatformRoleName,0.14483999588234905
65,RtpStateBitfield,AVProductStatesIdentifier,Census_OSVersion,0.1196732308853649
66,RtpStateBitfield,AVProductStatesIdentifier,Census_OSArchitecture,0.17286986612792946
67,RtpStateBitfield,AVProductStatesIdentifier,Census_OSBranch,0.1295036059112146
68,RtpStateBitfield,AVProductStatesIdentifier,Census_IsTouchEnabled,0.15797458056870387
69,RtpStateBitfield,AVProductStatesIdentifier,Wdft_IsGamer,0.11003931571439302
70,RtpStateBitfield,AVProductStatesIdentifier,EngineVersion_factor,0.16145304073763966
71,RtpStateBitfield,AVProductsInstalled,AVProductsEnabled,0.14576592364270502
72,RtpStateBitfield,AVProductsInstalled,Processor,0.16513872560379964
73,RtpStateBitfield,AVProductsInstalled,IsProtected,0.1571212373354015
74,RtpStateBitfield,AVProductsInstalled,Census_PowerPlatformRoleName,0.11585984779858108
75,RtpStateBitfield,AVProductsInstalled,Census_OSArchitecture,0.1647285310214929
76,RtpStateBitfield,AVProductsInstalled,Census_OSBranch,0.11256792419512138
77,RtpStateBitfield,AVProductsInstalled,Census_IsTouchEnabled,0.14137064076880168
78,RtpStateBitfield,AVProductsInstalled,EngineVersion_factor,0.16040104193050814
79,RtpStateBitfield,AVProductsEnabled,SmartScreen,0.12465097629550892
80,RtpStateBitfield,AVProductsEnabled,EngineVersion_factor,0.11115470292258536
81,RtpStateBitfield,Processor,EngineVersion_factor,0.12286947595629273
82,RtpStateBitfield,SmartScreen,Wdft_IsGamer,0.1447756310011062
83,RtpStateBitfield,Census_OSArchitecture,EngineVersion_factor,0.12248788609835469
84,AVProductStatesIdentifier,AVProductsInstalled,AVProductsEnabled,0.15450068978016754
85,AVProductStatesIdentifier,AVProductsInstalled,Processor,0.1730886409521111
86,AVProductStatesIdentifier,AVProductsInstalled,IsProtected,0.15450069077905787
87,AVProductStatesIdentifier,AVProductsInstalled,Census_ProcessorCoreCount,0.12531931470184318
88,AVProductStatesIdentifier,AVProductsInstalled,Census_TotalPhysicalRAM,0.12922260508751313
89,AVProductStatesIdentifier,AVProductsInstalled,Census_PowerPlatformRoleName,0.14472671835970838
90,AVProductStatesIdentifier,AVProductsInstalled,Census_OSVersion,0.11921686509952738
91,AVProductStatesIdentifier,AVProductsInstalled,Census_OSArchitecture,0.17280870575880852
92,AVProductStatesIdentifier,AVProductsInstalled,Census_OSBranch,0.12912003505182157
93,AVProductStatesIdentifier,AVProductsInstalled,Census_IsTouchEnabled,0.15779803814685445
94,AVProductStatesIdentifier,AVProductsInstalled,EngineVersion_factor,0.1612752713366051
95,AVProductStatesIdentifier,AVProductsEnabled,Processor,0.1730886409521111
96,AVProductStatesIdentifier,AVProductsEnabled,IsProtected,0.15450069077905787
97,AVProductStatesIdentifier,AVProductsEnabled,Census_ProcessorCoreCount,0.12531931470184318
98,AVProductStatesIdentifier,AVProductsEnabled,Census_TotalPhysicalRAM,0.12922260508751313
99,AVProductStatesIdentifier,AVProductsEnabled,Census_PowerPlatformRoleName,0.14472671835970838
100,AVProductStatesIdentifier,AVProductsEnabled,Census_OSVersion,0.11921686509952738
101,AVProductStatesIdentifier,AVProductsEnabled,Census_OSArchitecture,0.17280870575880852
102,AVProductStatesIdentifier,AVProductsEnabled,Census_OSBranch,0.12912003505182157
103,AVProductStatesIdentifier,AVProductsEnabled,Census_IsTouchEnabled,0.15779803814685445
104,AVProductStatesIdentifier,AVProductsEnabled,EngineVersion_factor,0.1612752713366051
105,AVProductStatesIdentifier,Processor,IsProtected,0.17308864219661382
106,AVProductStatesIdentifier,Processor,Census_ProcessorCoreCount,0.14367957498073614
107,AVProductStatesIdentifier,Processor,Census_TotalPhysicalRAM,0.13467494863151389
108,AVProductStatesIdentifier,Processor,Census_PowerPlatformRoleName,0.15256969805667495
109,AVProductStatesIdentifier,Processor,Census_OSVersion,0.1269799409871364
110,AVProductStatesIdentifier,Processor,Census_OSArchitecture,0.17297399525350982
111,AVProductStatesIdentifier,Processor,Census_OSBranch,0.13935073994039004
112,AVProductStatesIdentifier,Processor,Census_IsTouchEnabled,0.16765350335775486
113,AVProductStatesIdentifier,Processor,Wdft_IsGamer,0.13382920797151704
114,AVProductStatesIdentifier,Processor,EngineVersion_factor,0.17683057554530998
115,AVProductStatesIdentifier,IsProtected,Census_ProcessorCoreCount,0.12531931562561882
116,AVProductStatesIdentifier,IsProtected,Census_TotalPhysicalRAM,0.12922260621698128
117,AVProductStatesIdentifier,IsProtected,Census_PowerPlatformRoleName,0.14472671990156466
118,AVProductStatesIdentifier,IsProtected,Census_OSVersion,0.1192168655971406
119,AVProductStatesIdentifier,IsProtected,Census_OSArchitecture,0.1728087069937433
120,AVProductStatesIdentifier,IsProtected,Census_OSBranch,0.1291200355692427
121,AVProductStatesIdentifier,IsProtected,Census_IsTouchEnabled,0.15779803915301685
122,AVProductStatesIdentifier,IsProtected,EngineVersion_factor,0.16127527115462542
123,AVProductStatesIdentifier,Census_ProcessorCoreCount,Census_TotalPhysicalRAM,0.12117679121514799
124,AVProductStatesIdentifier,Census_ProcessorCoreCount,Census_PowerPlatformRoleName,0.12869952854166647
125,AVProductStatesIdentifier,Census_ProcessorCoreCount,Census_OSArchitecture,0.14349143181077195
126,AVProductStatesIdentifier,Census_ProcessorCoreCount,Census_OSBranch,0.11441388803467147
127,AVProductStatesIdentifier,Census_ProcessorCoreCount,Census_IsTouchEnabled,0.13942868977394945
128,AVProductStatesIdentifier,Census_ProcessorCoreCount,EngineVersion_factor,0.13457658229111794
129,AVProductStatesIdentifier,Census_TotalPhysicalRAM,Census_PowerPlatformRoleName,0.11640940865706983
130,AVProductStatesIdentifier,Census_TotalPhysicalRAM,Census_OSVersion,0.11327381984254982
131,AVProductStatesIdentifier,Census_TotalPhysicalRAM,Census_OSArchitecture,0.13449701052665064
132,AVProductStatesIdentifier,Census_TotalPhysicalRAM,Census_OSBranch,0.12103853709422481
133,AVProductStatesIdentifier,Census_TotalPhysicalRAM,Census_IsTouchEnabled,0.13055268018303232
134,AVProductStatesIdentifier,Census_TotalPhysicalRAM,EngineVersion_factor,0.13849868095939147
135,AVProductStatesIdentifier,Census_PowerPlatformRoleName,Census_OSVersion,0.12291539806303362
136,AVProductStatesIdentifier,Census_PowerPlatformRoleName,Census_OSArchitecture,0.15236142664886976
137,AVProductStatesIdentifier,Census_PowerPlatformRoleName,Census_OSBranch,0.1330802044199542
138,AVProductStatesIdentifier,Census_PowerPlatformRoleName,Census_IsTouchEnabled,0.13788283379562707
139,AVProductStatesIdentifier,Census_PowerPlatformRoleName,EngineVersion_factor,0.15487646033090574
140,AVProductStatesIdentifier,Census_OSVersion,Census_OSArchitecture,0.12690324798823685
141,AVProductStatesIdentifier,Census_OSVersion,Census_OSBranch,0.11904501651459017
142,AVProductStatesIdentifier,Census_OSVersion,Census_IsTouchEnabled,0.11849844201310565
143,AVProductStatesIdentifier,Census_OSVersion,Wdft_IsGamer,0.11457995269783547
144,AVProductStatesIdentifier,Census_OSArchitecture,Census_OSBranch,0.13918385552458348
145,AVProductStatesIdentifier,Census_OSArchitecture,Census_IsTouchEnabled,0.1673736447990634
146,AVProductStatesIdentifier,Census_OSArchitecture,Wdft_IsGamer,0.13366473471303825
147,AVProductStatesIdentifier,Census_OSArchitecture,EngineVersion_factor,0.17654778248583558
148,AVProductStatesIdentifier,Census_OSBranch,Census_IsTouchEnabled,0.12895644881264134
149,AVProductStatesIdentifier,Census_OSBranch,Wdft_IsGamer,0.1153765400910492
150,AVProductStatesIdentifier,Census_OSBranch,EngineVersion_factor,0.12783704340811514
151,AVProductStatesIdentifier,Census_IsTouchEnabled,Wdft_IsGamer,0.1201277169762398
152,AVProductStatesIdentifier,Census_IsTouchEnabled,EngineVersion_factor,0.1641490795693973
153,AVProductStatesIdentifier,Wdft_IsGamer,EngineVersion_factor,0.12945793564110453
154,AVProductsInstalled,AVProductsEnabled,Processor,0.16907340720165936
155,AVProductsInstalled,AVProductsEnabled,IsProtected,0.15669927793473357
156,AVProductsInstalled,AVProductsEnabled,Census_PowerPlatformRoleName,0.1184299311696173
157,AVProductsInstalled,AVProductsEnabled,Census_OSArchitecture,0.1686703271669345
158,AVProductsInstalled,AVProductsEnabled,Census_OSBranch,0.11297531246221178
159,AVProductsInstalled,AVProductsEnabled,Census_IsTouchEnabled,0.1444389636387131
160,AVProductsInstalled,AVProductsEnabled,EngineVersion_factor,0.1626231336646589
161,AVProductsInstalled,Processor,IsProtected,0.17346384942005022
162,AVProductsInstalled,Processor,Census_ProcessorCoreCount,0.11966638880123022
163,AVProductsInstalled,Processor,Census_PowerPlatformRoleName,0.12398957402511114
164,AVProductsInstalled,Processor,Census_OSVersion,0.11176253579977818
165,AVProductsInstalled,Processor,Census_OSArchitecture,0.167680525460045
166,AVProductsInstalled,Processor,Census_OSBranch,0.12339636930108049
167,AVProductsInstalled,Processor,Census_IsTouchEnabled,0.15264916912550608
168,AVProductsInstalled,Processor,EngineVersion_factor,0.1779320698843444
169,AVProductsInstalled,IsProtected,Census_PowerPlatformRoleName,0.12782234628982928
170,AVProductsInstalled,IsProtected,Census_OSArchitecture,0.17306963382976873
171,AVProductsInstalled,IsProtected,Census_OSBranch,0.11378962524091035
172,AVProductsInstalled,IsProtected,Census_IsTouchEnabled,0.15115589995819614
173,AVProductsInstalled,IsProtected,EngineVersion_factor,0.16162581762961514
174,AVProductsInstalled,Census_ProcessorCoreCount,Census_OSArchitecture,0.11939598405302342
175,AVProductsInstalled,Census_ProcessorCoreCount,Census_IsTouchEnabled,0.1128807836737716
176,AVProductsInstalled,Census_ProcessorCoreCount,EngineVersion_factor,0.12416181457570259
177,AVProductsInstalled,Census_TotalPhysicalRAM,EngineVersion_factor,0.12344796976795396
178,AVProductsInstalled,Census_PowerPlatformRoleName,Census_OSArchitecture,0.12370126445770217
179,AVProductsInstalled,Census_PowerPlatformRoleName,Census_OSBranch,0.11174084361454589
180,AVProductsInstalled,Census_PowerPlatformRoleName,EngineVersion_factor,0.14472522008968117
181,AVProductsInstalled,Census_OSVersion,Census_OSArchitecture,0.11167450201732274
182,AVProductsInstalled,Census_OSArchitecture,Census_OSBranch,0.12319780804006472
183,AVProductsInstalled,Census_OSArchitecture,Census_IsTouchEnabled,0.15224359601580797
184,AVProductsInstalled,Census_OSArchitecture,EngineVersion_factor,0.17755247914191016
185,AVProductsInstalled,Census_OSBranch,Census_IsTouchEnabled,0.11081335068526862
186,AVProductsInstalled,Census_OSBranch,EngineVersion_factor,0.11646122649562037
187,AVProductsInstalled,Census_IsTouchEnabled,EngineVersion_factor,0.16067228581714704
188,AVProductsInstalled,Wdft_IsGamer,EngineVersion_factor,0.11631718407336145
189,AVProductsEnabled,Processor,EngineVersion_factor,0.12711245863367399
190,AVProductsEnabled,SmartScreen,Wdft_IsGamer,0.1410573113685083
191,AVProductsEnabled,Census_OSArchitecture,EngineVersion_factor,0.12674493803346787
192,Processor,IsProtected,EngineVersion_factor,0.11991188016043053
193,Processor,SmartScreen,Wdft_IsGamer,0.11061059131160925
194,Processor,Census_OSArchitecture,EngineVersion_factor,0.11770331395350835
195,Processor,Census_IsTouchEnabled,EngineVersion_factor,0.11189267385264762
196,IsProtected,SmartScreen,Wdft_IsGamer,0.1283267376842507
197,IsProtected,Census_OSArchitecture,EngineVersion_factor,0.11953775037396573
198,SmartScreen,Census_ProcessorCoreCount,Wdft_IsGamer,0.11400592233926175
199,SmartScreen,Census_OSArchitecture,Wdft_IsGamer,0.11079070912941473
200,SmartScreen,Census_IsTouchEnabled,Wdft_IsGamer,0.11663438578964631
201,Census_OSArchitecture,Census_IsTouchEnabled,EngineVersion_factor,0.11151369477366994
