,feature,importance,fold
0,fe_ProductName_target_mean_enc,46075.53284931183,4
1,fe_EngineVersion_target_mean_enc,392754.2684726715,4
2,fe_AppVersion_target_mean_enc,387125.8500084877,4
3,fe_AvSigVersion_target_mean_enc,734811.1999239922,4
4,fe_IsBeta_target_mean_enc,42338.51737833023,4
5,fe_RtpStateBitfield_target_mean_enc,114316.12930727005,4
6,fe_IsSxsPassiveMode_target_mean_enc,73709.08834218979,4
7,fe_DefaultBrowsersIdentifier_target_mean_enc,122884.33429002762,4
8,fe_AVProductStatesIdentifier_target_mean_enc,1541154.8393182755,4
9,fe_AVProductsInstalled_target_mean_enc,528878.1521964073,4
10,fe_AVProductsEnabled_target_mean_enc,68358.5355682373,4
11,fe_HasTpm_target_mean_enc,61491.38066625595,4
12,fe_CountryIdentifier_target_mean_enc,248488.2996134758,4
13,fe_CityIdentifier_target_mean_enc,338693.060090065,4
14,fe_OrganizationIdentifier_target_mean_enc,60920.08721065521,4
15,fe_GeoNameIdentifier_target_mean_enc,148358.71470022202,4
16,fe_LocaleEnglishNameIdentifier_target_mean_enc,161166.00225257874,4
17,fe_Platform_target_mean_enc,48234.40655660629,4
18,fe_Processor_target_mean_enc,71046.78466463089,4
19,fe_OsVer_target_mean_enc,45895.26851415634,4
20,fe_OsBuild_target_mean_enc,110654.20553684235,4
21,fe_OsSuite_target_mean_enc,76609.36296701431,4
22,fe_OsPlatformSubRelease_target_mean_enc,111381.13942861557,4
23,fe_OsBuildLab_target_mean_enc,161174.67202281952,4
24,fe_SkuEdition_target_mean_enc,81772.21153211594,4
25,fe_IsProtected_target_mean_enc,75172.12755680084,4
26,fe_AutoSampleOptIn_target_mean_enc,45157.439289569855,4
27,fe_PuaMode_target_mean_enc,47559.815214157104,4
28,fe_SMode_target_mean_enc,54148.42609119415,4
29,fe_IeVerIdentifier_target_mean_enc,125077.0330915451,4
30,fe_SmartScreen_target_mean_enc,2782935.0037727356,4
31,fe_Firewall_target_mean_enc,50159.96275186539,4
32,fe_UacLuaenable_target_mean_enc,43694.50225353241,4
33,fe_Census_MDC2FormFactor_target_mean_enc,79639.4979019165,4
34,fe_Census_DeviceFamily_target_mean_enc,45665.339505672455,4
35,fe_Census_OEMNameIdentifier_target_mean_enc,121188.00237035751,4
36,fe_Census_OEMModelIdentifier_target_mean_enc,763967.2146043777,4
37,fe_Census_ProcessorCoreCount_target_mean_enc,78454.02031612396,4
38,fe_Census_ProcessorManufacturerIdentifier_target_mean_enc,51008.78933095932,4
39,fe_Census_ProcessorModelIdentifier_target_mean_enc,316225.5024971962,4
40,fe_Census_ProcessorClass_target_mean_enc,51359.85440158844,4
41,fe_Census_PrimaryDiskTotalCapacity_target_mean_enc,168961.34265708923,4
42,fe_Census_PrimaryDiskTypeName_target_mean_enc,65542.713057518,4
43,fe_Census_SystemVolumeTotalCapacity_target_mean_enc,170575.68348693848,4
44,fe_Census_HasOpticalDiskDrive_target_mean_enc,88568.90674257278,4
45,fe_Census_TotalPhysicalRAM_target_mean_enc,134396.87561368942,4
46,fe_Census_ChassisTypeName_target_mean_enc,76177.60622930527,4
47,fe_Census_InternalPrimaryDiagonalDisplaySizeInInches_target_mean_enc,158826.1739525795,4
48,fe_Census_InternalPrimaryDisplayResolutionHorizontal_target_mean_enc,79426.55062866211,4
49,fe_Census_InternalPrimaryDisplayResolutionVertical_target_mean_enc,66263.95782661438,4
50,fe_Census_PowerPlatformRoleName_target_mean_enc,65318.460285663605,4
51,fe_Census_InternalBatteryType_target_mean_enc,80319.69979858398,4
52,fe_Census_InternalBatteryNumberOfCharges_target_mean_enc,101745.88847827911,4
53,fe_Census_OSVersion_target_mean_enc,151326.15521383286,4
54,fe_Census_OSArchitecture_target_mean_enc,54168.740026950836,4
55,fe_Census_OSBranch_target_mean_enc,95778.62180995941,4
56,fe_Census_OSBuildNumber_target_mean_enc,102817.67134809494,4
57,fe_Census_OSBuildRevision_target_mean_enc,186279.37306165695,4
58,fe_Census_OSEdition_target_mean_enc,86664.83483314514,4
59,fe_Census_OSSkuName_target_mean_enc,71033.80050706863,4
60,fe_Census_OSInstallTypeName_target_mean_enc,197565.81802749634,4
61,fe_Census_OSInstallLanguageIdentifier_target_mean_enc,94133.16415977478,4
62,fe_Census_OSUILocaleIdentifier_target_mean_enc,97692.26187419891,4
63,fe_Census_OSWUAutoUpdateOptionsName_target_mean_enc,134103.76730585098,4
64,fe_Census_IsPortableOperatingSystem_target_mean_enc,44522.424312114716,4
65,fe_Census_GenuineStateName_target_mean_enc,83406.04003477097,4
66,fe_Census_ActivationChannel_target_mean_enc,158264.23190450668,4
67,fe_Census_IsFlightingInternal_target_mean_enc,57342.26645183563,4
68,fe_Census_IsFlightsDisabled_target_mean_enc,45128.60386514664,4
69,fe_Census_FlightRing_target_mean_enc,71732.06251335144,4
70,fe_Census_ThresholdOptIn_target_mean_enc,60542.32177591324,4
71,fe_Census_FirmwareManufacturerIdentifier_target_mean_enc,72307.4568476677,4
72,fe_Census_FirmwareVersionIdentifier_target_mean_enc,168793.49321985245,4
73,fe_Census_IsSecureBootEnabled_target_mean_enc,40781.31219768524,4
74,fe_Census_IsWIMBootEnabled_target_mean_enc,58821.44848537445,4
75,fe_Census_IsVirtualDevice_target_mean_enc,59720.042288303375,4
76,fe_Census_IsTouchEnabled_target_mean_enc,50422.91635131836,4
77,fe_Census_IsPenCapable_target_mean_enc,55907.14386129379,4
78,fe_Census_IsAlwaysOnAlwaysConnectedCapable_target_mean_enc,45640.85851478577,4
79,fe_Wdft_IsGamer_target_mean_enc,223201.07541704178,4
80,fe_Wdft_RegionIdentifier_target_mean_enc,208673.3313651085,4
0,fe_ProductName_target_mean_enc,48327.49736118317,3
1,fe_EngineVersion_target_mean_enc,385044.3054394722,3
2,fe_AppVersion_target_mean_enc,394390.0254006386,3
3,fe_AvSigVersion_target_mean_enc,750626.4923248291,3
4,fe_IsBeta_target_mean_enc,47170.00166845322,3
5,fe_RtpStateBitfield_target_mean_enc,117901.76222848892,3
6,fe_IsSxsPassiveMode_target_mean_enc,75780.14465236664,3
7,fe_DefaultBrowsersIdentifier_target_mean_enc,125644.58113479614,3
8,fe_AVProductStatesIdentifier_target_mean_enc,1542769.5674624443,3
9,fe_AVProductsInstalled_target_mean_enc,535535.5838465691,3
10,fe_AVProductsEnabled_target_mean_enc,72453.61659049988,3
11,fe_HasTpm_target_mean_enc,64292.63232946396,3
12,fe_CountryIdentifier_target_mean_enc,249263.85802268982,3
13,fe_CityIdentifier_target_mean_enc,342113.0485982895,3
14,fe_OrganizationIdentifier_target_mean_enc,64316.5424284935,3
15,fe_GeoNameIdentifier_target_mean_enc,155057.26059675217,3
16,fe_LocaleEnglishNameIdentifier_target_mean_enc,161773.04224920273,3
17,fe_Platform_target_mean_enc,50207.446996212006,3
18,fe_Processor_target_mean_enc,76636.96982812881,3
19,fe_OsVer_target_mean_enc,48169.54205369949,3
20,fe_OsBuild_target_mean_enc,114699.33768129349,3
21,fe_OsSuite_target_mean_enc,77722.20467615128,3
22,fe_OsPlatformSubRelease_target_mean_enc,112077.5115647316,3
23,fe_OsBuildLab_target_mean_enc,162565.63098287582,3
24,fe_SkuEdition_target_mean_enc,84849.24382352829,3
25,fe_IsProtected_target_mean_enc,77573.21656990051,3
26,fe_AutoSampleOptIn_target_mean_enc,47865.9776134491,3
27,fe_PuaMode_target_mean_enc,48560.67988348007,3
28,fe_SMode_target_mean_enc,58449.46357917786,3
29,fe_IeVerIdentifier_target_mean_enc,129586.54137134552,3
30,fe_SmartScreen_target_mean_enc,2794084.1052308083,3
31,fe_Firewall_target_mean_enc,52441.71312379837,3
32,fe_UacLuaenable_target_mean_enc,47053.87086391449,3
33,fe_Census_MDC2FormFactor_target_mean_enc,83642.29066896439,3
34,fe_Census_DeviceFamily_target_mean_enc,49665.71466636658,3
35,fe_Census_OEMNameIdentifier_target_mean_enc,123903.47063732147,3
36,fe_Census_OEMModelIdentifier_target_mean_enc,759513.1292738914,3
37,fe_Census_ProcessorCoreCount_target_mean_enc,82673.85006809235,3
38,fe_Census_ProcessorManufacturerIdentifier_target_mean_enc,55125.61469554901,3
39,fe_Census_ProcessorModelIdentifier_target_mean_enc,319855.5949702263,3
40,fe_Census_ProcessorClass_target_mean_enc,56827.73105812073,3
41,fe_Census_PrimaryDiskTotalCapacity_target_mean_enc,154255.87945652008,3
42,fe_Census_PrimaryDiskTypeName_target_mean_enc,67314.33498239517,3
43,fe_Census_SystemVolumeTotalCapacity_target_mean_enc,179172.01090192795,3
44,fe_Census_HasOpticalDiskDrive_target_mean_enc,92536.83400011063,3
45,fe_Census_TotalPhysicalRAM_target_mean_enc,135844.01522159576,3
46,fe_Census_ChassisTypeName_target_mean_enc,82310.39235162735,3
47,fe_Census_InternalPrimaryDiagonalDisplaySizeInInches_target_mean_enc,178974.97336769104,3
48,fe_Census_InternalPrimaryDisplayResolutionHorizontal_target_mean_enc,82580.02970504761,3
49,fe_Census_InternalPrimaryDisplayResolutionVertical_target_mean_enc,70947.37505054474,3
50,fe_Census_PowerPlatformRoleName_target_mean_enc,69346.27564954758,3
51,fe_Census_InternalBatteryType_target_mean_enc,83695.97883558273,3
52,fe_Census_InternalBatteryNumberOfCharges_target_mean_enc,104088.31474637985,3
53,fe_Census_OSVersion_target_mean_enc,160471.70401525497,3
54,fe_Census_OSArchitecture_target_mean_enc,55014.28808069229,3
55,fe_Census_OSBranch_target_mean_enc,99223.22877120972,3
56,fe_Census_OSBuildNumber_target_mean_enc,106622.47816562653,3
57,fe_Census_OSBuildRevision_target_mean_enc,185853.65270280838,3
58,fe_Census_OSEdition_target_mean_enc,88209.26587677002,3
59,fe_Census_OSSkuName_target_mean_enc,75386.69211244583,3
60,fe_Census_OSInstallTypeName_target_mean_enc,200856.29719400406,3
61,fe_Census_OSInstallLanguageIdentifier_target_mean_enc,98741.87514305115,3
62,fe_Census_OSUILocaleIdentifier_target_mean_enc,99874.75195932388,3
63,fe_Census_OSWUAutoUpdateOptionsName_target_mean_enc,136537.11866044998,3
64,fe_Census_IsPortableOperatingSystem_target_mean_enc,47613.70381307602,3
65,fe_Census_GenuineStateName_target_mean_enc,88273.0620713234,3
66,fe_Census_ActivationChannel_target_mean_enc,159714.1801185608,3
67,fe_Census_IsFlightingInternal_target_mean_enc,59293.32225561142,3
68,fe_Census_IsFlightsDisabled_target_mean_enc,47599.93660593033,3
69,fe_Census_FlightRing_target_mean_enc,74132.62240409851,3
70,fe_Census_ThresholdOptIn_target_mean_enc,65919.80351924896,3
71,fe_Census_FirmwareManufacturerIdentifier_target_mean_enc,75010.31799316406,3
72,fe_Census_FirmwareVersionIdentifier_target_mean_enc,169038.45629119873,3
73,fe_Census_IsSecureBootEnabled_target_mean_enc,43456.29200744629,3
74,fe_Census_IsWIMBootEnabled_target_mean_enc,61695.11208534241,3
75,fe_Census_IsVirtualDevice_target_mean_enc,64611.20958900452,3
76,fe_Census_IsTouchEnabled_target_mean_enc,55253.46659421921,3
77,fe_Census_IsPenCapable_target_mean_enc,58285.074590206146,3
78,fe_Census_IsAlwaysOnAlwaysConnectedCapable_target_mean_enc,48102.28076553345,3
79,fe_Wdft_IsGamer_target_mean_enc,236278.40481710434,3
80,fe_Wdft_RegionIdentifier_target_mean_enc,213816.06217098236,3
0,fe_ProductName_target_mean_enc,51057.16530942917,5
1,fe_EngineVersion_target_mean_enc,385709.76830387115,5
2,fe_AppVersion_target_mean_enc,392892.83243894577,5
3,fe_AvSigVersion_target_mean_enc,748639.6172780991,5
4,fe_IsBeta_target_mean_enc,46627.50848484039,5
5,fe_RtpStateBitfield_target_mean_enc,119964.26781892776,5
6,fe_IsSxsPassiveMode_target_mean_enc,76307.52619695663,5
7,fe_DefaultBrowsersIdentifier_target_mean_enc,131221.63611412048,5
8,fe_AVProductStatesIdentifier_target_mean_enc,1543790.0761609077,5
9,fe_AVProductsInstalled_target_mean_enc,535585.1658773422,5
10,fe_AVProductsEnabled_target_mean_enc,72002.50778341293,5
11,fe_HasTpm_target_mean_enc,67692.89674139023,5
12,fe_CountryIdentifier_target_mean_enc,250342.4438815117,5
13,fe_CityIdentifier_target_mean_enc,340108.23803424835,5
14,fe_OrganizationIdentifier_target_mean_enc,65990.86225700378,5
15,fe_GeoNameIdentifier_target_mean_enc,153969.57057332993,5
16,fe_LocaleEnglishNameIdentifier_target_mean_enc,159562.68866586685,5
17,fe_Platform_target_mean_enc,52239.38644218445,5
18,fe_Processor_target_mean_enc,77470.14557123184,5
19,fe_OsVer_target_mean_enc,47631.92839193344,5
20,fe_OsBuild_target_mean_enc,116377.29909563065,5
21,fe_OsSuite_target_mean_enc,79977.4351029396,5
22,fe_OsPlatformSubRelease_target_mean_enc,117235.37306785583,5
23,fe_OsBuildLab_target_mean_enc,164667.1437458992,5
24,fe_SkuEdition_target_mean_enc,87793.15599393845,5
25,fe_IsProtected_target_mean_enc,81005.05456829071,5
26,fe_AutoSampleOptIn_target_mean_enc,49080.52947664261,5
27,fe_PuaMode_target_mean_enc,49369.18719339371,5
28,fe_SMode_target_mean_enc,59907.749245643616,5
29,fe_IeVerIdentifier_target_mean_enc,130020.38598394394,5
30,fe_SmartScreen_target_mean_enc,2799165.347558975,5
31,fe_Firewall_target_mean_enc,55953.53699970245,5
32,fe_UacLuaenable_target_mean_enc,47870.1302447319,5
33,fe_Census_MDC2FormFactor_target_mean_enc,81576.08831071854,5
34,fe_Census_DeviceFamily_target_mean_enc,51359.79830741882,5
35,fe_Census_OEMNameIdentifier_target_mean_enc,124503.00478506088,5
36,fe_Census_OEMModelIdentifier_target_mean_enc,765123.8491301537,5
37,fe_Census_ProcessorCoreCount_target_mean_enc,84098.3889594078,5
38,fe_Census_ProcessorManufacturerIdentifier_target_mean_enc,55398.547597408295,5
39,fe_Census_ProcessorModelIdentifier_target_mean_enc,323436.18800735474,5
40,fe_Census_ProcessorClass_target_mean_enc,54989.86902999878,5
41,fe_Census_PrimaryDiskTotalCapacity_target_mean_enc,174614.6498761177,5
42,fe_Census_PrimaryDiskTypeName_target_mean_enc,69088.28684186935,5
43,fe_Census_SystemVolumeTotalCapacity_target_mean_enc,176538.83366823196,5
44,fe_Census_HasOpticalDiskDrive_target_mean_enc,94838.83699035645,5
45,fe_Census_TotalPhysicalRAM_target_mean_enc,135963.6062669754,5
46,fe_Census_ChassisTypeName_target_mean_enc,81177.45622730255,5
47,fe_Census_InternalPrimaryDiagonalDisplaySizeInInches_target_mean_enc,164741.2485513687,5
48,fe_Census_InternalPrimaryDisplayResolutionHorizontal_target_mean_enc,86525.81649398804,5
49,fe_Census_InternalPrimaryDisplayResolutionVertical_target_mean_enc,70699.7541050911,5
50,fe_Census_PowerPlatformRoleName_target_mean_enc,73753.01062011719,5
51,fe_Census_InternalBatteryType_target_mean_enc,84844.48339271545,5
52,fe_Census_InternalBatteryNumberOfCharges_target_mean_enc,105573.83355379105,5
53,fe_Census_OSVersion_target_mean_enc,155434.316116333,5
54,fe_Census_OSArchitecture_target_mean_enc,58982.487580776215,5
55,fe_Census_OSBranch_target_mean_enc,99236.98468875885,5
56,fe_Census_OSBuildNumber_target_mean_enc,107508.39322948456,5
57,fe_Census_OSBuildRevision_target_mean_enc,191852.90258979797,5
58,fe_Census_OSEdition_target_mean_enc,88790.16125822067,5
59,fe_Census_OSSkuName_target_mean_enc,77474.29143428802,5
60,fe_Census_OSInstallTypeName_target_mean_enc,202463.46107006073,5
61,fe_Census_OSInstallLanguageIdentifier_target_mean_enc,102174.63167715073,5
62,fe_Census_OSUILocaleIdentifier_target_mean_enc,102102.9973936081,5
63,fe_Census_OSWUAutoUpdateOptionsName_target_mean_enc,137056.19797039032,5
64,fe_Census_IsPortableOperatingSystem_target_mean_enc,48522.73551988602,5
65,fe_Census_GenuineStateName_target_mean_enc,90198.77760219574,5
66,fe_Census_ActivationChannel_target_mean_enc,164851.2636976242,5
67,fe_Census_IsFlightingInternal_target_mean_enc,61075.20903587341,5
68,fe_Census_IsFlightsDisabled_target_mean_enc,49806.62344741821,5
69,fe_Census_FlightRing_target_mean_enc,75771.2101817131,5
70,fe_Census_ThresholdOptIn_target_mean_enc,66862.76090860367,5
71,fe_Census_FirmwareManufacturerIdentifier_target_mean_enc,76496.78295373917,5
72,fe_Census_FirmwareVersionIdentifier_target_mean_enc,176828.341340065,5
73,fe_Census_IsSecureBootEnabled_target_mean_enc,45653.02564430237,5
74,fe_Census_IsWIMBootEnabled_target_mean_enc,63536.50498485565,5
75,fe_Census_IsVirtualDevice_target_mean_enc,62691.8482336998,5
76,fe_Census_IsTouchEnabled_target_mean_enc,55215.54239320755,5
77,fe_Census_IsPenCapable_target_mean_enc,60811.17677116394,5
78,fe_Census_IsAlwaysOnAlwaysConnectedCapable_target_mean_enc,47993.11678791046,5
79,fe_Wdft_IsGamer_target_mean_enc,234037.8330926895,5
80,fe_Wdft_RegionIdentifier_target_mean_enc,214287.9495882988,5
0,fe_ProductName_target_mean_enc,55018.52825975418,2
1,fe_EngineVersion_target_mean_enc,406154.93023490906,2
2,fe_AppVersion_target_mean_enc,403217.7468457222,2
3,fe_AvSigVersion_target_mean_enc,742008.4487595558,2
4,fe_IsBeta_target_mean_enc,51278.515716552734,2
5,fe_RtpStateBitfield_target_mean_enc,126202.82076311111,2
6,fe_IsSxsPassiveMode_target_mean_enc,82193.80345392227,2
7,fe_DefaultBrowsersIdentifier_target_mean_enc,134052.91799211502,2
8,fe_AVProductStatesIdentifier_target_mean_enc,1553504.253042221,2
9,fe_AVProductsInstalled_target_mean_enc,542297.5457353592,2
10,fe_AVProductsEnabled_target_mean_enc,77599.06729030609,2
11,fe_HasTpm_target_mean_enc,71649.91077041626,2
12,fe_CountryIdentifier_target_mean_enc,254406.10034036636,2
13,fe_CityIdentifier_target_mean_enc,351959.5564212799,2
14,fe_OrganizationIdentifier_target_mean_enc,72214.22100305557,2
15,fe_GeoNameIdentifier_target_mean_enc,155491.03704452515,2
16,fe_LocaleEnglishNameIdentifier_target_mean_enc,169500.60314941406,2
17,fe_Platform_target_mean_enc,57763.29157161713,2
18,fe_Processor_target_mean_enc,79143.6193728447,2
19,fe_OsVer_target_mean_enc,54374.70759677887,2
20,fe_OsBuild_target_mean_enc,123260.35621833801,2
21,fe_OsSuite_target_mean_enc,84829.79849243164,2
22,fe_OsPlatformSubRelease_target_mean_enc,120127.61678504944,2
23,fe_OsBuildLab_target_mean_enc,176724.9080119133,2
24,fe_SkuEdition_target_mean_enc,90186.2737121582,2
25,fe_IsProtected_target_mean_enc,84785.92957019806,2
26,fe_AutoSampleOptIn_target_mean_enc,53526.76275444031,2
27,fe_PuaMode_target_mean_enc,55434.603917598724,2
28,fe_SMode_target_mean_enc,63041.90828561783,2
29,fe_IeVerIdentifier_target_mean_enc,133453.3773713112,2
30,fe_SmartScreen_target_mean_enc,2797503.8476781845,2
31,fe_Firewall_target_mean_enc,61463.305156707764,2
32,fe_UacLuaenable_target_mean_enc,52021.62481737137,2
33,fe_Census_MDC2FormFactor_target_mean_enc,87164.93435287476,2
34,fe_Census_DeviceFamily_target_mean_enc,54878.0493350029,2
35,fe_Census_OEMNameIdentifier_target_mean_enc,130513.58166646957,2
36,fe_Census_OEMModelIdentifier_target_mean_enc,771950.2697758675,2
37,fe_Census_ProcessorCoreCount_target_mean_enc,87738.22498464584,2
38,fe_Census_ProcessorManufacturerIdentifier_target_mean_enc,61582.67118310928,2
39,fe_Census_ProcessorModelIdentifier_target_mean_enc,330612.88267993927,2
40,fe_Census_ProcessorClass_target_mean_enc,61225.02333545685,2
41,fe_Census_PrimaryDiskTotalCapacity_target_mean_enc,181180.49934768677,2
42,fe_Census_PrimaryDiskTypeName_target_mean_enc,72967.11560153961,2
43,fe_Census_SystemVolumeTotalCapacity_target_mean_enc,178920.56088781357,2
44,fe_Census_HasOpticalDiskDrive_target_mean_enc,99306.88798093796,2
45,fe_Census_TotalPhysicalRAM_target_mean_enc,147821.08493804932,2
46,fe_Census_ChassisTypeName_target_mean_enc,87050.24428319931,2
47,fe_Census_InternalPrimaryDiagonalDisplaySizeInInches_target_mean_enc,171765.80102157593,2
48,fe_Census_InternalPrimaryDisplayResolutionHorizontal_target_mean_enc,94319.33857393265,2
49,fe_Census_InternalPrimaryDisplayResolutionVertical_target_mean_enc,77441.50132465363,2
50,fe_Census_PowerPlatformRoleName_target_mean_enc,75973.35543823242,2
51,fe_Census_InternalBatteryType_target_mean_enc,92224.30569839478,2
52,fe_Census_InternalBatteryNumberOfCharges_target_mean_enc,111036.62132167816,2
53,fe_Census_OSVersion_target_mean_enc,160014.56392478943,2
54,fe_Census_OSArchitecture_target_mean_enc,60986.16498088837,2
55,fe_Census_OSBranch_target_mean_enc,104297.64237117767,2
56,fe_Census_OSBuildNumber_target_mean_enc,113273.62483930588,2
57,fe_Census_OSBuildRevision_target_mean_enc,196667.45043754578,2
58,fe_Census_OSEdition_target_mean_enc,96202.3479886055,2
59,fe_Census_OSSkuName_target_mean_enc,80310.83135795593,2
60,fe_Census_OSInstallTypeName_target_mean_enc,207230.24131393433,2
61,fe_Census_OSInstallLanguageIdentifier_target_mean_enc,105942.83977842331,2
62,fe_Census_OSUILocaleIdentifier_target_mean_enc,105962.76384592056,2
63,fe_Census_OSWUAutoUpdateOptionsName_target_mean_enc,145609.83990573883,2
64,fe_Census_IsPortableOperatingSystem_target_mean_enc,53926.87116384506,2
65,fe_Census_GenuineStateName_target_mean_enc,94573.73837280273,2
66,fe_Census_ActivationChannel_target_mean_enc,170166.2204694748,2
67,fe_Census_IsFlightingInternal_target_mean_enc,67881.31445741653,2
68,fe_Census_IsFlightsDisabled_target_mean_enc,54253.5790848732,2
69,fe_Census_FlightRing_target_mean_enc,79510.82842254639,2
70,fe_Census_ThresholdOptIn_target_mean_enc,71035.92587947845,2
71,fe_Census_FirmwareManufacturerIdentifier_target_mean_enc,81590.22177171707,2
72,fe_Census_FirmwareVersionIdentifier_target_mean_enc,172877.2523355484,2
73,fe_Census_IsSecureBootEnabled_target_mean_enc,48545.90297079086,2
74,fe_Census_IsWIMBootEnabled_target_mean_enc,68713.17375707626,2
75,fe_Census_IsVirtualDevice_target_mean_enc,67636.27131175995,2
76,fe_Census_IsTouchEnabled_target_mean_enc,62005.36679124832,2
77,fe_Census_IsPenCapable_target_mean_enc,64593.58591938019,2
78,fe_Census_IsAlwaysOnAlwaysConnectedCapable_target_mean_enc,52759.75705528259,2
79,fe_Wdft_IsGamer_target_mean_enc,239810.76015472412,2
80,fe_Wdft_RegionIdentifier_target_mean_enc,216507.24950313568,2
0,fe_ProductName_target_mean_enc,50101.05385398865,1
1,fe_EngineVersion_target_mean_enc,384875.6910586357,1
2,fe_AppVersion_target_mean_enc,392844.9061484337,1
3,fe_AvSigVersion_target_mean_enc,753463.1447257996,1
4,fe_IsBeta_target_mean_enc,45323.87765264511,1
5,fe_RtpStateBitfield_target_mean_enc,121840.95484685898,1
6,fe_IsSxsPassiveMode_target_mean_enc,76841.0002245903,1
7,fe_DefaultBrowsersIdentifier_target_mean_enc,126314.61800813675,1
8,fe_AVProductStatesIdentifier_target_mean_enc,1543479.304470539,1
9,fe_AVProductsInstalled_target_mean_enc,536362.7987804413,1
10,fe_AVProductsEnabled_target_mean_enc,73535.48268079758,1
11,fe_HasTpm_target_mean_enc,65604.93735361099,1
12,fe_CountryIdentifier_target_mean_enc,250640.59515428543,1
13,fe_CityIdentifier_target_mean_enc,346395.00360250473,1
14,fe_OrganizationIdentifier_target_mean_enc,66067.51760673523,1
15,fe_GeoNameIdentifier_target_mean_enc,153737.18677568436,1
16,fe_LocaleEnglishNameIdentifier_target_mean_enc,161634.84733772278,1
17,fe_Platform_target_mean_enc,51412.99520492554,1
18,fe_Processor_target_mean_enc,75467.30432653427,1
19,fe_OsVer_target_mean_enc,47741.62505054474,1
20,fe_OsBuild_target_mean_enc,116617.6892991066,1
21,fe_OsSuite_target_mean_enc,79485.19540643692,1
22,fe_OsPlatformSubRelease_target_mean_enc,114736.07188892365,1
23,fe_OsBuildLab_target_mean_enc,166689.46363162994,1
24,fe_SkuEdition_target_mean_enc,87685.41849374771,1
25,fe_IsProtected_target_mean_enc,80225.50076627731,1
26,fe_AutoSampleOptIn_target_mean_enc,49676.7530503273,1
27,fe_PuaMode_target_mean_enc,48814.78957414627,1
28,fe_SMode_target_mean_enc,59362.73714399338,1
29,fe_IeVerIdentifier_target_mean_enc,130333.65018606186,1
30,fe_SmartScreen_target_mean_enc,2799264.954050541,1
31,fe_Firewall_target_mean_enc,55636.07302093506,1
32,fe_UacLuaenable_target_mean_enc,46326.499015808105,1
33,fe_Census_MDC2FormFactor_target_mean_enc,83667.78831911087,1
34,fe_Census_DeviceFamily_target_mean_enc,49791.123225688934,1
35,fe_Census_OEMNameIdentifier_target_mean_enc,124577.57384109497,1
36,fe_Census_OEMModelIdentifier_target_mean_enc,766110.7134771347,1
37,fe_Census_ProcessorCoreCount_target_mean_enc,82914.52331399918,1
38,fe_Census_ProcessorManufacturerIdentifier_target_mean_enc,55543.650502204895,1
39,fe_Census_ProcessorModelIdentifier_target_mean_enc,324782.0752720833,1
40,fe_Census_ProcessorClass_target_mean_enc,55241.32404470444,1
41,fe_Census_PrimaryDiskTotalCapacity_target_mean_enc,175993.97102737427,1
42,fe_Census_PrimaryDiskTypeName_target_mean_enc,68109.91606998444,1
43,fe_Census_SystemVolumeTotalCapacity_target_mean_enc,174431.48436689377,1
44,fe_Census_HasOpticalDiskDrive_target_mean_enc,94642.30421876907,1
45,fe_Census_TotalPhysicalRAM_target_mean_enc,138054.32016086578,1
46,fe_Census_ChassisTypeName_target_mean_enc,80807.91587924957,1
47,fe_Census_InternalPrimaryDiagonalDisplaySizeInInches_target_mean_enc,165377.42556238174,1
48,fe_Census_InternalPrimaryDisplayResolutionHorizontal_target_mean_enc,86995.40697193146,1
49,fe_Census_InternalPrimaryDisplayResolutionVertical_target_mean_enc,71527.70804405212,1
50,fe_Census_PowerPlatformRoleName_target_mean_enc,71261.6024055481,1
51,fe_Census_InternalBatteryType_target_mean_enc,86503.53959465027,1
52,fe_Census_InternalBatteryNumberOfCharges_target_mean_enc,105383.22689628601,1
53,fe_Census_OSVersion_target_mean_enc,162744.82414102554,1
54,fe_Census_OSArchitecture_target_mean_enc,57758.867884635925,1
55,fe_Census_OSBranch_target_mean_enc,100358.28231668472,1
56,fe_Census_OSBuildNumber_target_mean_enc,102806.90363407135,1
57,fe_Census_OSBuildRevision_target_mean_enc,189819.87794446945,1
58,fe_Census_OSEdition_target_mean_enc,89518.70225906372,1
59,fe_Census_OSSkuName_target_mean_enc,76922.78778266907,1
60,fe_Census_OSInstallTypeName_target_mean_enc,196941.92668628693,1
61,fe_Census_OSInstallLanguageIdentifier_target_mean_enc,100165.77102947235,1
62,fe_Census_OSUILocaleIdentifier_target_mean_enc,101084.79496192932,1
63,fe_Census_OSWUAutoUpdateOptionsName_target_mean_enc,139145.02830028534,1
64,fe_Census_IsPortableOperatingSystem_target_mean_enc,49014.694949150085,1
65,fe_Census_GenuineStateName_target_mean_enc,88277.59597539902,1
66,fe_Census_ActivationChannel_target_mean_enc,162171.22891807556,1
67,fe_Census_IsFlightingInternal_target_mean_enc,60267.25081014633,1
68,fe_Census_IsFlightsDisabled_target_mean_enc,48684.54326868057,1
69,fe_Census_FlightRing_target_mean_enc,75111.95743751526,1
70,fe_Census_ThresholdOptIn_target_mean_enc,66523.18499994278,1
71,fe_Census_FirmwareManufacturerIdentifier_target_mean_enc,77912.21971464157,1
72,fe_Census_FirmwareVersionIdentifier_target_mean_enc,170174.39464569092,1
73,fe_Census_IsSecureBootEnabled_target_mean_enc,45847.82855319977,1
74,fe_Census_IsWIMBootEnabled_target_mean_enc,63221.76860809326,1
75,fe_Census_IsVirtualDevice_target_mean_enc,64362.892735004425,1
76,fe_Census_IsTouchEnabled_target_mean_enc,56995.434374809265,1
77,fe_Census_IsPenCapable_target_mean_enc,60880.541947841644,1
78,fe_Census_IsAlwaysOnAlwaysConnectedCapable_target_mean_enc,49634.39371871948,1
79,fe_Wdft_IsGamer_target_mean_enc,235644.76778507233,1
80,fe_Wdft_RegionIdentifier_target_mean_enc,211091.37493753433,1
